,title,views,posted
0,Scraping 7000 Products in 20 Minutes,2.8K views,6 days ago
1,How I Scrape 7k Products with Python (code along),6.8K views,12 days ago
2,This will change Web Scraping forever.,7.3K views,1 month ago
3,The most important Python script I ever wrote,147K views,1 month ago
4,Why I chose Python & Polars for Data Analysis,4.7K views,2 months ago
5,The Best Tools to Scrape Data in 2024,6K views,2 months ago
6,The Simplest way to Scrape Faster.,4.6K views,2 months ago
7,Scraping with Playwright 101 - Easy Mode,6.7K views,2 months ago
8,Cleaning up 1000 Scraped Products with Polars,4.7K views,2 months ago
9,Website to Dataset in an instant,6.4K views,3 months ago
10,This is a Scraping Cheat Code (for certain sites),4.1K views,3 months ago
11,Python dev writes bad Rust (still compiles though),958 views,3 months ago
12,"Stop Wasting Time on Simple Excel Tasks, Use Python",9.1K views,3 months ago
13,The HTML Element I check FIRST when Web Scraping,2.6K views,4 months ago
14,"So many sites use JSON-LD, this is how to scrape it",3.5K views,4 months ago
15,"More spiders, more data",2.7K views,4 months ago
16,still the best way to scrape data.,13K views,5 months ago
17,"Make Queues, Run Jobs, Scrape Data.",4.2K views,5 months ago
18,I had no idea you could scrape this site this way,4.3K views,5 months ago
19,This is the ONLY way I'll use Selenium now,6.8K views,6 months ago
20,Scraping HTML Tables VS Dynamic JavaScript Tables,3.3K views,7 months ago
21,Scrapy in 30 Minutes (start here.),13K views,7 months ago
22,"Webscraping with Python How to Save to CSV, JSON and Clean Data",4.9K views,7 months ago
23,30 lines of GO Code to Scrape Anything,6.3K views,8 months ago
24,"Web Scraping with Python - Get URLs, Extract Data",8.4K views,8 months ago
25,Web Scraping with Python - How to handle pagination,8.7K views,8 months ago
26,Web Scraping with Python - Start HERE,30K views,8 months ago
27,How I Scrape Data with Multiple Selenium Instances,10K views,8 months ago
28,Is This The Best Way to Scrape at Scale?,3.6K views,8 months ago
29,"I swapped my project to Scrapy, was it a Mistake?",3.3K views,8 months ago
